name,easting,northing,longitude,latitude,elevation,X,Y,Z
HH114,541091.4,6601155.03,21.429186372620993,-30.72175754593831,1051.76,5109282.820137233,2005309.0242567516,-3239950.5203516306
HH79,541076.8,6601129.75,21.429034894021488,-30.721986160529237,1051.96,5109276.226727917,2005290.8477607109,-3239972.414395484
HH210,541054.9,6601218.25,21.428802626364487,-30.721188348923814,1051.18,5109325.800731253,2005286.4017075603,-3239895.967158904
HH35,541069.5,6601091.81,21.42896016516184,-30.722328758742577,1052.32,5109261.064529736,2005277.2065682646,-3240005.2551682335
HH153,541106.0,6601180.32,21.429337850110407,-30.72152884093573,1051.54,5109289.402205694,2005327.196260005,-3239928.607422728
HH113,541076.8,6601155.03,21.429033883951803,-30.721758050001927,1051.75,5109288.122525436,2005295.4126816439,-3239950.563291057
HH208,541025.7,6601218.25,21.428497650798462,-30.721189355953666,1051.13,5109336.381340283,2005259.1690740052,-3239896.037608045
HH195,541120.6,6601205.61,21.429489326889293,-30.721300135755072,1051.28,5109295.952156489,2005345.3556568038,-3239906.6739929137
HH190,541047.6,6601205.61,21.42872688713445,-30.72130265602771,1051.29,5109322.512111209,2005277.3166315346,-3239906.9193389085
HH277,541040.3,6601268.83,21.428648119532667,-30.72073245091932,1050.71,5109354.871528664,2005281.9108014544,-3239852.269807922
HH111,541047.6,6601155.03,21.42872890660189,-30.72175905759183,1051.8,5109298.783238067,2005268.2114844057,-3239950.6848795475
HH262,541047.6,6601256.19,21.428724867713107,-30.720846254431336,1050.83,5109346.280668942,2005286.4373566597,-3239863.1791420877
HH62,541054.9,6601117.1,21.428806665641304,-30.72210106179327,1052.09,5109278.259567904,2005268.1586356864,-3239983.4333428754
HH148,541033.0,6601180.32,21.4285754085408,-30.721531360335543,1051.5,5109315.922015491,2005259.1414746374,-3239928.8271417054
HH230,541076.8,6601230.9,21.429030852613273,-30.72107344767091,1051.07,5109323.783732386,2005309.0970479771,-3239884.9583309637
HH188,541018.4,6601205.61,21.42842191120562,-30.721303662882985,1051.26,5109333.1086983625,2005250.0902681728,-3239906.999988464
HH212,541084.1,6601218.25,21.42910760191515,-30.72118734117752,1051.18,5109315.18000363,2005313.6185948588,-3239895.8710984257
HH152,541091.4,6601180.32,21.429185361804173,-30.721529345173913,1051.53,5109294.70462055,2005313.5846961048,-3239928.6503789388
HH175,541127.9,6601192.97,21.429566076509555,-30.721413938746284,1051.39,5109287.35311889,2005349.8790048242,-3239917.578107866
HH134,541113.3,6601167.68,21.429414599738436,-30.721642644012473,1051.62,5109280.779133638,2005331.7101753063,-3239939.496195275
HH213,541098.7,6601218.25,21.42926008968471,-30.721186837035717,1051.21,5109309.893606849,2005327.2364448577,-3239895.838368402
HH279,541069.5,6601268.83,21.42895309365461,-30.720731443549425,1050.74,5109344.274861632,2005309.1371301843,-3239852.189108503
HH173,541098.7,6601192.97,21.42926110026403,-30.72141494757633,1051.39,5109297.974006504,2005322.6621806847,-3239917.6742714304
HH261,541033.0,6601256.19,21.428572380468818,-30.72084675793944,1050.81,5109351.574974581,2005272.8226110355,-3239863.21692058
HH80,541091.4,6601129.75,21.429187383049655,-30.721985656461058,1051.98,5109270.932341982,2005304.4624770915,-3239972.376564497
HH170,541054.9,6601192.97,21.428803635866906,-30.721416459478068,1051.41,5109313.921142623,2005281.8431456925,-3239917.8286060123
HH76,541033.0,6601129.75,21.42857742691393,-30.721987671659047,1051.97,5109292.165741728,2005250.0255326366,-3239972.5635471
HH147,541018.4,6601180.32,21.42842292021536,-30.72153186367817,1051.5,5109321.232299301,2005245.532998109,-3239928.875121209
HH154,541120.6,6601180.32,21.429490338412794,-30.721528336518432,1051.5,5109284.059752641,2005340.7921091472,-3239928.538906145
HH112,541062.2,6601155.03,21.428881395278765,-30.72175855388644,1051.75,5109293.432889273,2005281.8042366076,-3239950.611322103
HH172,541084.1,6601192.97,21.429108612135497,-30.721415451722688,1051.42,5109303.308417309,2005309.0631748792,-3239917.7376535307
HH174,541113.3,6601192.97,21.429413588388716,-30.72141444325087,1051.4,5109292.671578347,2005336.2737389174,-3239917.631306828
HH226,541018.4,6601230.9,21.4284209022074,-30.721075462079742,1051.03,5109344.993018028,2005254.650647524,-3239885.129914467
HH93,541040.3,6601142.39,21.428653166846697,-30.721873364647706,1051.88,5109295.470502264,2005259.1169435289,-3239961.6216673087
HH211,541069.5,6601218.25,21.42895511414174,-30.721187845140218,1051.15,5109320.466373696,2005300.0007342885,-3239895.9038113756
HH214,541113.3,6601218.25,21.42941257745043,-30.7211863327148,1051.21,5109304.583176346,2005340.844861824,-3239895.79029548
HH78,541062.2,6601129.75,21.428882404989476,-30.72198666441828,1051.97,5109281.545094048,2005277.2424558788,-3239972.467535581
HH166,540996.5,6601192.97,21.42819368328364,-30.721418472839485,1051.5,5109335.234299355,2005227.4375062676,-3239918.066501166
HH146,541003.8,6601180.32,21.42827043188608,-30.72153236684169,1051.68,5109326.686599081,2005231.9810425795,-3239929.015039523
HH187,541003.8,6601205.61,21.428269423235452,-30.721304166041964,1051.27,5109338.426957871,2005236.484922184,-3239907.0530591966
HH189,541033.0,6601205.61,21.428574399171957,-30.721303159544902,1051.26,5109327.798414576,2005263.6987441215,-3239906.9520092835
HH168,541025.7,6601192.97,21.428498659582953,-30.721417466516996,1051.37,5109324.509754137,2005254.6136517415,-3239917.9041642696
HH232,541106.0,6601230.9,21.42933582779316,-30.72107243939184,1051.07,5109313.162924767,2005336.3139026423,-3239884.8622195893
HH61,541040.3,6601117.1,21.4286541764239,-30.722101565415922,1052.1,5109283.577894055,2005254.5533144602,-3239983.4864575416
HH265,541091.4,6601256.19,21.429182329422922,-30.720844742832362,1050.88,5109330.389589455,2005327.2783890574,-3239863.06059561
HH128,541025.7,6601167.68,21.428499668778002,-30.721645667305886,1051.61,5109312.633314202,2005250.0563662816,-3239939.779271907
HH209,541040.3,6601218.25,21.428650138583393,-30.721188852528293,1051.15,5109331.0870479345,2005272.7838257216,-3239895.999837707
HH245,541040.3,6601243.54,21.428649129052275,-30.720960651727836,1050.93,5109342.979329159,2005277.3473292734,-3239874.1348478054
HH127,541011.1,6601167.68,21.428347180271153,-30.72164617056122,1051.61,5109317.943584678,2005236.4478841352,-3239939.827243034
HH228,541047.6,6601230.9,21.428725877418017,-30.721074455233545,1051.06,5109334.396430956,2005281.87700979,-3239885.0492654536
HH151,541076.8,6601180.32,21.429032873494094,-30.721529849232986,1051.51,5109299.999006395,2005299.9699807924,-3239928.688209415
HH95,541069.5,6601142.39,21.428958144559424,-30.721872357232364,1051.94,5109284.897841705,2005286.3527000297,-3239961.5562913055
HH246,541054.9,6601243.54,21.428801616474264,-30.720960148127904,1050.96,5109337.693012537,2005290.9652105959,-3239874.102169223
HH48,541062.2,6601104.46,21.428883415111123,-30.722214865175655,1052.21,5109269.668449585,2005272.685093379,-3239994.3425178067
HH171,541069.5,6601192.97,21.428956124003125,-30.721415955689935,1051.4,5109308.602789792,2005295.4484545006,-3239917.7754753446
HH207,541011.1,6601218.25,21.42834516300969,-30.72118985919993,1051.14,5109341.69961311,2005245.5637336902,-3239896.0906871357
HH319,541062.2,6601306.76,21.428875335259495,-30.720389439358215,1050.44,5109364.789807674,2005309.1865622748,-3239819.4350943295
HH280,541084.1,6601268.83,21.429105580709816,-30.72073093959583,1050.75,5109338.972486884,2005322.748708201,-3239852.1461789147
HH92,541025.7,6601142.39,21.428500677984566,-30.7218738680867,1051.89,5109300.788801779,2005245.5116121063,-3239961.674764543
HH293,541062.2,6601281.47,21.428876345300456,-30.720617640172,1050.62,5109352.865720969,2005304.6105748476,-3239841.2797748027
HH191,541062.2,6601205.61,21.428879375093103,-30.721302152331393,1051.28,5109317.193771711,2005290.9219454094,-3239906.8662169552
HH227,541033.0,6601230.9,21.428573389814627,-30.721074958746193,1051.04,5109339.690736644,2005268.2622636207,-3239885.0870442004
HH109,541018.4,6601155.03,21.428423929236615,-30.721760064465286,1051.74,5109309.35581844,2005240.9756966461,-3239950.7502041077
HH77,541047.6,6601129.75,21.428729915953625,-30.721987168128226,1051.99,5109286.871435833,2005263.6402810053,-3239972.525767335
HH248,541084.1,6601243.54,21.429106591306716,-30.7209591403907,1050.97,5109327.0802872935,2005318.1852376035,-3239874.0112179643
HH307,541069.5,6601294.12,21.42895208342834,-30.720503242741938,1050.54,5109356.182984311,2005313.7068514992,-3239830.334236194
HH63,541069.5,6601117.1,21.42895915485487,-30.7221005579915,1052.08,5109272.9412151035,2005281.7639461728,-3239983.380211137
HH294,541076.8,6601281.47,21.42902883217811,-30.72061713631022,1050.64,5109347.571361981,2005318.2252987018,-3239841.241962416
HH64,541084.1,6601117.1,21.429111644064587,-30.72210005401062,1052.08,5109267.6308379285,2005295.372386666,-3239983.3321710685
HH167,541011.1,6601192.97,21.428346171435216,-30.7214179697678,1051.36,5109329.812022219,2005241.0020295111,-3239917.9470264316
HH47,541047.6,6601104.46,21.428730925716145,-30.72221536889013,1052.18,5109274.954779918,2005259.0672144513,-3239994.375206137
HH244,541025.7,6601243.54,21.42849664162644,-30.72096115514866,1050.92,5109348.281623871,2005263.7357187802,-3239874.177726462
HH278,541054.9,6601268.83,21.428800606595562,-30.72073194732393,1050.81,5109349.641228946,2005295.5506675115,-3239852.2728893408
HH193,541091.4,6601205.61,21.429184350998888,-30.72130114440145,1051.31,5109306.597024446,2005318.1482448587,-3239906.7854649574
HH94,541054.9,6601142.39,21.42880565570498,-30.7218728610296,1052.06,5109290.304220013,2005272.7819377675,-3239961.665618514
HH132,541084.1,6601167.68,21.429109622766997,-30.721643652493388,1051.65,5109291.423974884,2005304.502750942,-3239939.6076513687
HH97,541098.7,6601142.39,21.42926312225678,-30.72187134910058,1051.86,5109274.21304227,2005313.544443364,-3239961.419325053
HH96,541084.1,6601142.39,21.429110633410023,-30.72187185325604,1051.89,5109279.547452993,2005299.945436375,-3239961.4827080052
HH292,541047.6,6601281.47,21.428723858418962,-30.72061814385468,1050.64,5109358.192062937,2005291.0084033515,-3239841.3380042072
HH133,541098.7,6601167.68,21.429262111254637,-30.721643148342483,1051.68,5109286.137577956,2005318.1206020364,-3239939.574920904
HH130,541054.9,6601167.68,21.428804645780183,-30.721644660257862,1051.65,5109302.04470257,2005277.2858613648,-3239939.7037131395
HH129,541040.3,6601167.68,21.42865215728101,-30.721645163871433,1051.64,5109307.347024074,2005263.6742598286,-3239939.7466097376
HH194,541106.0,6601205.61,21.429336838946014,-30.721300640167815,1051.3,5109301.2786049545,2005331.7535266161,-3239906.7322917846
HH49,541076.8,6601104.46,21.429035904502253,-30.72221436128205,1052.19,5109264.3420811845,2005286.2872580646,-3239994.2842685888
HH231,541091.4,6601230.9,21.42918334020514,-30.721072943620932,1051.08,5109318.481344267,2005322.7086214507,-3239884.915392404
HH115,541106.0,6601155.03,21.429338861286343,-30.721757041695568,1051.81,5109277.5497315135,2005322.6483843713,-3239950.497829906
HH264,541076.8,6601256.19,21.42902984219016,-30.720845246877797,1050.88,5109335.6999799535,2005313.6699568497,-3239863.1086424384
HH169,541040.3,6601192.97,21.42865114772685,-30.721416963087094,1051.4,5109319.2234640885,2005268.2315447305,-3239917.871502322
HH131,541069.5,6601167.68,21.42895713427551,-30.721644156465185,1051.64,5109296.7263497375,2005290.8911707602,-3239939.6505821142
HH34,541054.9,6601091.81,21.428807675589155,-30.722329262548886,1052.33,5109266.382882538,2005263.6012571915,-3240005.3083003303
HH192,541076.8,6601205.61,21.429031863047918,-30.721301648455988,1051.27,5109311.875405557,2005304.5272485418,-3239906.8130779304
HH247,541069.5,6601243.54,21.42895410389241,-30.720959644348856,1050.96,5109332.382662064,2005304.5736590563,-3239874.0541478433
HH110,541033.0,6601155.03,21.42857641792117,-30.721759561118112,1051.76,5109304.061539279,2005254.590455126,-3239950.7124416707
HH306,541054.9,6601294.12,21.428799596728386,-30.7205037465119,1050.53,5109361.485332372,2005300.095263315,-3239830.3771484233
HH22,541062.2,6601079.17,21.428884425244295,-30.722443065924967,1052.45,5109257.791723327,2005268.1276994809,-3240016.2174501866
HH149,541047.6,6601180.32,21.42872789686241,-30.72153085681381,1051.56,5109310.659719081,2005272.768784751,-3239928.80979709
HH263,541062.2,6601256.19,21.428877354953553,-30.72084575074411,1050.87,5109341.002341392,2005300.0583731863,-3239863.151563635
HH229,541062.2,6601230.9,21.428878365017567,-30.72107395154179,1051.03,5109329.062086701,2005295.4760415982,-3239884.985926676
HH150,541062.2,6601180.32,21.42888038518017,-30.72153035311295,1051.53,5109305.325374884,2005286.367817807,-3239928.7464574594
HH249,541098.7,6601243.54,21.429259078717177,-30.720958636253446,1050.95,5109321.753878752,2005331.7873830749,-3239873.9529452906
HH206,540996.5,6601226.68,21.428192339064534,-30.721114295329954,1051.07,5109350.976627169,2005233.4774607408,-3239888.8520186865
HH287,540974.6,6601289.9,21.427961087990507,-30.72054459263535,1050.49,5109388.646031139,2005224.463045541,-3239834.250278054
HH202,540938.1,6601226.68,21.427582388334564,-30.721116305801424,1051.01,5109372.16932096,2005179.0245442283,-3239889.0130095715
HH271,540952.7,6601277.26,21.427732861288963,-30.72065940178341,1050.56,5109390.635607379,2005201.7568989953,-3239845.2299495153
HH155,540835.9,6601201.4,21.42651597852382,-30.72134792785568,1051.22,5109397.443967693,2005079.199664801,-3239911.198977555
HH243,541011.1,6601251.97,21.428343817928358,-30.720885591452078,1050.85,5109357.558637355,2005251.6494464392,-3239866.939058198
HH239,540952.7,6601251.97,21.427733868650133,-30.720887602621847,1050.8,5109378.759440188,2005197.1997152914,-3239867.1052248585
HH288,540989.2,6601289.9,21.42811357477149,-30.72054408984972,1050.49,5109383.335827396,2005238.0715517125,-3239834.202351169
HH220,540930.8,6601239.33,21.427505640871505,-30.72100241137446,1050.89,5109380.764900148,2005174.499800913,-3239878.0950383255
HH273,540981.9,6601277.26,21.42803783521755,-30.720658396565824,1050.59,5109380.039260655,2005228.983355038,-3239845.1494551576
HH165,540981.9,6601201.4,21.42804085909155,-30.721342908796103,1051.27,5109344.383275824,2005215.3009824567,-3239910.7460942543
HH177,540857.8,6601214.04,21.42674420830566,-30.721233120830526,1051.12,5109395.430826551,2005101.8965691994,-3239900.204257737
HH157,540865.1,6601201.4,21.426820954667978,-30.721346925476645,1051.24,5109386.840045191,2005106.423154189,-3239911.113646115
HH313,540974.6,6601315.19,21.427960080107937,-30.720316391791627,1050.28,5109400.546083237,2005229.029603256,-3239812.3902537017
HH219,540916.2,6601239.33,21.42735315335714,-30.721002913452743,1050.89,5109386.074997193,2005160.8912509612,-3239878.142897563
HH197,540865.1,6601226.68,21.42681994983593,-30.72111881486081,1050.98,5109398.695598792,2005110.9722914144,-3239889.236852716
HH274,540996.5,6601277.26,21.42819032217609,-30.72065789368836,1050.61,5109374.745048477,2005242.5981374432,-3239845.111736632
HH164,540967.3,6601201.4,21.427888371052013,-30.721343411508062,1051.27,5109349.693466254,2005201.6924690339,-3239910.7940137316
HH301,540981.9,6601302.55,21.428036827149683,-30.720430195728408,1050.4,5109391.955358513,2005233.5562094694,-3239823.2996729896
HH236,540908.9,6601251.97,21.42727640665123,-30.720889109118534,1050.77,5109394.665763943,2005156.3646605674,-3239867.233502004
HH182,540930.8,6601214.04,21.42750664771126,-30.721230612207606,1051.15,5109368.904615237,2005169.9488503751,-3239899.9804565236
HH315,541003.8,6601315.19,21.428265052947886,-30.72031538605033,1050.3,5109389.941654016,2005256.2528852466,-3239812.304600458
HH252,540901.6,6601264.61,21.427199660126707,-30.72077530473527,1050.66,5109403.264506073,2005151.8412004698,-3239856.3291981113
HH268,540908.9,6601277.26,21.42727540036735,-30.720660908266513,1050.55,5109406.557936007,2005160.9281270679,-3239845.3684428576
HH160,540908.9,6601201.4,21.427278418855533,-30.72134542056477,1051.25,5109370.917956426,2005147.2520273323,-3239910.9753036397
HH163,540952.7,6601201.4,21.427735883008637,-30.72134391404091,1051.24,5109354.979622776,2005188.0745231688,-3239910.82659024
HH233,540865.1,6601251.97,21.426818944617875,-30.720890614003263,1050.76,5109410.587852545,2005115.5357908902,-3239867.3718426186
HH237,540923.5,6601251.97,21.42742889398803,-30.72088860713207,1050.78,5109389.36368271,2005169.9763561303,-3239867.190760028
HH260,541018.4,6601264.61,21.42841955729331,-30.72077128456317,1050.73,5109360.839213415,2005260.7313665277,-3239855.9817451527
HH316,541018.4,6601315.19,21.428417539362105,-30.72031488291102,1050.3,5109384.631396918,2005269.8613695484,-3239812.2566397493
HH198,540879.7,6601226.68,21.42697243754331,-30.72111831340715,1050.99,5109393.393597571,2005124.5840195126,-3239889.1941616726
HH250,540872.4,6601264.61,21.42689468579676,-30.720776307987233,1050.65,5109413.876564297,2005124.6209077192,-3239856.4197220285
HH304,541025.7,6601302.55,21.428494286936516,-30.720428686572337,1050.41,5109376.032629686,2005274.3848198822,-3239823.160924482
HH240,540967.3,6601251.97,21.427886355975442,-30.720887100098068,1050.81,5109373.457278901,2005210.8113788909,-3239867.0624316623
HH309,540916.2,6601315.19,21.42735013438205,-30.720318401124995,1050.22,5109421.7386164265,2005174.5766302946,-3239812.5511383563
HH223,540974.6,6601239.33,21.427963103391612,-30.721000904064997,1051.07,5109364.978492741,2005215.3819178194,-3239878.043312627
HH234,540879.7,6601251.97,21.42697143196615,-30.720890112554123,1050.74,5109405.261843867,2005129.13809699,-3239867.3138261717
HH267,540894.3,6601277.26,21.427122913385823,-30.720661410069333,1050.54,5109411.859990535,2005147.3164213812,-3239845.411167472
HH258,540989.2,6601264.61,21.42811458302466,-30.720772290680838,1050.72,5109371.451698501,2005233.511244464,-3239856.0725422413
HH295,540894.3,6601302.55,21.42712190747252,-30.720433209204728,1050.35,5109423.776088421,2005151.8892786175,-3239823.561383544
HH302,540996.5,6601302.55,21.42818931374913,-30.720429692855483,1050.4,5109386.645141421,2005247.1647100658,-3239823.2517377273
HH222,540960.0,6601239.33,21.427810615888742,-30.721001406680593,1050.91,5109370.160630927,2005201.7231499294,-3239878.0094857947
HH266,540879.7,6601277.26,21.42697042640047,-30.720661911693046,1050.53,5109417.162018377,2005133.7047050402,-3239845.4538750136
HH196,540850.5,6601226.68,21.42666746212473,-30.721119316135354,1050.99,5109404.013578311,2005097.366833542,-3239889.2897438807
HH317,541033.0,6601315.19,21.428570025772487,-30.720314379592608,1050.32,5109379.337118058,2005283.4761246152,-3239812.2188789216
HH314,540989.2,6601315.19,21.428112566529826,-30.720315889010532,1050.3,5109395.251884447,2005242.644390246,-3239812.352544095
HH221,540945.4,6601239.33,21.42765812838204,-30.721001909117085,1050.89,5109375.454776433,2005188.1083401667,-3239878.047162017
HH286,540960.0,6601289.9,21.42780860120569,-30.720545095241885,1050.47,5109393.940203262,2005210.8482474363,-3239834.2879708423
HH201,540923.5,6601226.68,21.427429900642494,-30.721116807971512,1051.01,5109377.479431352,2005165.415999336,-3239889.0608775043
HH159,540894.3,6601201.4,21.42712593079684,-30.72134592238116,1051.22,5109376.2040061625,2005133.634038978,-3239911.007811851
HH158,540879.7,6601201.4,21.426973442734322,-30.72134642401846,1051.22,5109381.5140365455,2005120.0254614782,-3239911.0556288874
HH254,540930.8,6601264.61,21.427504634441345,-30.720774300766887,1050.67,5109392.652341145,2005179.0614505184,-3239856.2386059007
HH204,540967.3,6601226.68,21.427887363707214,-30.72111530092391,1051.03,5109361.565025024,2005206.2478831415,-3239888.9274396785
HH298,540938.1,6601302.55,21.427579367328335,-30.72043170327253,1050.35,5109407.8458372895,2005192.714940548,-3239823.4178338563
HH162,540938.1,6601201.4,21.42758339496143,-30.721344416394636,1051.25,5109360.297762269,2005174.4691289742,-3239910.879584201
HH216,540872.4,6601239.33,21.426895690791085,-30.721004418612907,1050.87,5109401.989123356,2005120.059255978,-3239878.276155671
HH308,540901.6,6601315.19,21.427197647941004,-30.720318903010583,1050.31,5109427.12070954,2005160.9963361365,-3239812.644955858
HH259,541003.8,6601264.61,21.4282670701609,-30.72077178771156,1050.74,5109366.157472944,2005247.1260218448,-3239856.0348150535
HH256,540960.0,6601264.61,21.427809608740667,-30.72077329608208,1050.69,5109382.048071971,2005206.2847984743,-3239856.1530539454
HH203,540952.7,6601226.68,21.427734876022807,-30.72111580345221,1051.03,5109366.875188768,2005192.6393596015,-3239888.9753417587
HH290,541018.4,6601289.9,21.42841854832195,-30.720543083741124,1050.5,5109372.723342353,2005265.291672665,-3239834.11155469
HH312,540960.0,6601315.19,21.42780759368221,-30.720316894393623,1050.26,5109405.840255325,2005215.4148056528,-3239812.427946236
HH300,540967.3,6601302.55,21.4278843405464,-30.72043069842222,1050.38,5109397.249543972,2005219.941416911,-3239823.337374186
HH297,540923.5,6601302.55,21.427426880713558,-30.72043220542903,1050.35,5109413.155947667,2005179.1063972677,-3239823.465700825
HH251,540887.0,6601264.61,21.427047172963647,-30.7207758064508,1050.65,5109408.566547274,2005138.2294891805,-3239856.3719143323
HH270,540938.1,6601277.26,21.427580374318918,-30.720659904123547,1050.55,5109395.937741942,2005188.145225314,-3239845.2727253498
HH303,541011.1,6601302.55,21.42834180034474,-30.720429189803458,1050.39,5109381.326895206,2005260.7700592682,-3239823.1986768986
HH285,540945.4,6601289.9,21.42765611441704,-30.720545597669297,1050.45,5109399.234348684,2005197.2334387202,-3239834.325646557
HH156,540850.5,6601201.4,21.426668466597814,-30.72134742675572,1051.28,5109392.182032145,2005092.827116983,-3239911.1818635343
HH161,540923.5,6601201.4,21.4274309069104,-30.72134491856926,1051.24,5109365.599870251,2005160.8574429636,-3239910.922343825
HH176,540843.2,6601214.04,21.42659172041306,-30.721233622017778,1051.09,5109400.716782815,2005088.27854393,-3239900.236706082
HH310,540930.8,6601315.19,21.42750262081927,-30.72031789906031,1050.25,5109416.452526935,2005188.1946003584,-3239812.51860552
HH178,540872.4,6601214.04,21.42689669619443,-30.721232619464157,1051.12,5109390.120836163,2005115.5051624957,-3239900.156466472
HH241,540981.9,6601251.97,21.428038843296918,-30.72088659739518,1050.83,5109368.163093366,2005224.4261724737,-3239867.024729958
HH183,540945.4,6601214.04,21.427659135580903,-30.721230109945683,1051.14,5109363.586489058,2005183.5542496776,-3239899.9274712754
HH283,540916.2,6601289.9,21.427351140828254,-30.720546601986847,1050.45,5109409.854569429,2005170.0163516656,-3239834.421380816
HH255,540945.4,6601264.61,21.427657121592922,-30.720773798514035,1050.67,5109387.342217434,2005192.669989235,-3239856.1907299133
HH272,540967.3,6601277.26,21.42788534825517,-30.72065889926417,1050.58,5109385.341448594,2005215.3717026457,-3239845.192265138
HH224,540989.2,6601239.33,21.42811559089065,-30.721000401270288,1050.94,5109359.564257394,2005228.949596972,-3239877.92897355
HH282,540901.6,6601289.9,21.427198654028114,-30.720547103876946,1050.44,5109415.1566372905,2005156.4046515608,-3239834.4641138227
HH200,540908.9,6601226.68,21.42727741294659,-30.72111730996251,1051.01,5109382.789515075,2005151.8074437461,-3239889.108728367
HH311,540945.4,6601315.19,21.427655107252658,-30.720317396816522,1050.26,5109411.150405719,2005201.8062786453,-3239812.4758386537
HH281,540887.0,6601289.9,21.42704616722415,-30.72054760558796,1050.44,5109420.466680986,2005142.7960813122,-3239834.5119382706
HH242,540996.5,6601251.97,21.428191330614556,-30.72088609451318,1050.84,5109362.860878701,2005238.0378147836,-3239866.9819026142
HH179,540887.0,6601214.04,21.427049184079376,-30.721232117918692,1051.11,5109384.802816644,2005129.1106046068,-3239900.103549519
HH215,540857.8,6601239.33,21.42674320326142,-30.72100491997476,1050.88,5109407.3071162095,2005106.4538037363,-3239878.3290551966
HH305,541040.3,6601302.55,21.428646773524456,-30.720428183162092,1050.43,5109370.738337465,2005287.9995698833,-3239823.1231549904
HH289,541003.8,6601289.9,21.428266061548637,-30.720543586884983,1050.51,5109378.041601889,2005251.6863285492,-3239834.164624235
HH276,541025.7,6601277.26,21.428495296081664,-30.72065688739613,1050.63,5109364.14053916,2005269.8213889943,-3239845.026031305
HH225,541003.8,6601239.33,21.42826807838585,-30.72099989829648,1050.95,5109354.26202938,2005242.5612342095,-3239877.8861375283
HH180,540901.6,6601214.04,21.427201671960503,-30.721231616194103,1051.12,5109379.500775381,2005142.722317,-3239900.060832722
HH199,540894.3,6601226.68,21.427124925246865,-30.721117811774377,1050.99,5109388.083567198,2005138.1925964532,-3239889.146344958
HH217,540887.0,6601239.33,21.42704817831693,-30.72100391707197,1050.87,5109396.679106326,2005133.6678379762,-3239878.228347656
HH291,541033.0,6601289.9,21.428571035091423,-30.72054258041818,1050.53,5109367.437065903,2005278.9095689368,-3239834.0789021216
HH186,540989.2,6601214.04,21.428116599166824,-30.721228602085286,1051.17,5109347.67996503,2005224.3892269742,-3239899.799064784
HH275,541011.1,6601277.26,21.428342809130793,-30.7206573906318,1050.62,5109369.442807161,2005256.2097685465,-3239845.068892505
HH205,540981.9,6601226.68,21.42803985138779,-30.721114798216494,1051.06,5109356.278841862,2005219.8658178786,-3239888.8948463174
HH238,540938.1,6601251.97,21.427581381320998,-30.720888104966512,1050.79,5109384.061574791,2005183.5880410385,-3239867.14800098
HH185,540974.6,6601214.04,21.427964111308686,-30.721229104884525,1051.16,5109352.982166391,2005210.7775785304,-3239899.8418840203
HH184,540960.0,6601214.04,21.42781162344671,-30.72122960750466,1051.16,5109358.292343485,2005197.169060027,-3239899.8897947995
HH284,540930.8,6601289.9,21.427503627624564,-30.720546099917634,1050.45,5109404.544472389,2005183.624900541,-3239834.373522223
HH218,540901.6,6601239.33,21.42720066583895,-30.721003415351905,1050.86,5109391.361060159,2005147.273268761,-3239878.1754139843
HH235,540894.3,6601251.97,21.427123919310606,-30.72088961092588,1050.77,5109399.975820979,2005142.7560948615,-3239867.2813354693
HH181,540916.2,6601214.04,21.427354159837797,-30.7212311142904,1051.14,5109374.2067098785,2005156.33715927,-3239900.023207466
HH296,540908.9,6601302.55,21.427274394094955,-30.720432707406435,1050.35,5109418.466031378,2005165.4978432914,-3239823.5135507216
HH269,540923.5,6601277.26,21.427427887345047,-30.720660406284583,1050.54,5109401.239849822,2005174.5335409788,-3239845.3154841103
HH253,540916.2,6601264.61,21.42735214728594,-30.72077480284063,1050.65,5109397.946433224,2005165.4466200124,-3239856.276247723
HH318,541047.6,6601315.19,21.42872251217903,-30.720313876095098,1050.4,5109374.090827172,2005297.1097135858,-3239812.211751887
HH257,540974.6,6601264.61,21.427962095884578,-30.720772793471,1050.7,5109376.745897358,2005219.89645647,-3239856.1102523557
HH299,540952.7,6601302.55,21.427731853939285,-30.720431200936922,1050.36,5109402.543702732,2005206.3266137415,-3239823.3750583106
HH27,540945.4,6601096.03,21.427663835595972,-30.722294956805676,1052.44,5109308.311535938,2005162.3451177655,-3240002.0944388346
HH142,540938.1,6601184.54,21.427584066317852,-30.721496550274733,1051.4,5109352.372160634,2005171.427806277,-3239925.4578984505
HH40,540938.1,6601108.67,21.427587087484962,-30.72218115269078,1052.24,5109316.838542522,2005157.7935003664,-3239991.144332359
HH9,541033.0,6601070.74,21.42857978220645,-30.72252014010159,1052.52,5109264.445441903,2005239.3884945924,-3240023.5999874533
HH123,540945.4,6601171.89,21.42766081427122,-30.72161044464213,1051.56,5109343.808495708,2005175.9650759078,-3239936.3962456523
HH25,540916.2,6601096.03,21.427358856501403,-30.722295961192682,1052.35,5109318.85973605,2005135.0997566958,-3240002.144199061
HH122,540930.8,6601171.89,21.427508325803068,-30.7216109469116,1051.54,5109349.102614694,2005162.3502539613,-3239936.4339054786
HH39,540923.5,6601108.67,21.42743459811717,-30.72218165488201,1052.22,5109322.13264838,2005144.1786715079,-3239991.181984282
HH59,541003.8,6601121.32,21.428272785050133,-30.722064745109414,1052.04,5109298.819408044,2005221.2863078506,-3239979.9460482923
HH24,540901.6,6601096.03,21.427206366948376,-30.722296463117505,1052.36,5109324.177808996,2005121.4943330244,-3240002.197151824
HH87,540945.4,6601146.6,21.427661821500735,-30.721838645449242,1051.79,5109331.923985346,2005171.4046205366,-3239958.2662047744
HH106,540967.3,6601159.25,21.427890050649683,-30.721723746186452,1051.73,5109329.9474141365,2005194.115832966,-3239947.2831806294
HH145,540981.9,6601184.54,21.42804153116619,-30.721495042667133,1051.41,5109336.449671762,2005212.2565202273,-3239925.3192992522
HH18,540996.5,6601083.38,21.42819805343301,-30.722407342905772,1052.41,5109283.665104748,2005207.6482091197,-3240012.7918646983
HH12,540908.9,6601083.38,21.42728311510599,-30.722410357692436,1052.41,5109315.526008002,2005125.9970158015,-3240013.079236922
HH84,540901.6,6601146.6,21.42720435500744,-30.72184015173389,1051.78,5109347.846274365,2005130.5758236835,-3239958.4046773207
HH56,540960.0,6601121.32,21.427815317525884,-30.72206625355703,1052.06,5109314.766024257,2005180.4670591878,-3239980.1000528755
HH108,540996.5,6601159.25,21.42819502792197,-30.721722740568303,1051.68,5109319.286994653,2005221.3171481392,-3239947.161780082
HH118,540872.4,6601171.89,21.426898371892165,-30.721612954198328,1051.52,5109370.326838258,2005107.9097027911,-3239936.6150260717
HH66,540879.7,6601133.96,21.42697612436011,-30.721954959565625,1051.92,5109349.891436319,2005107.8914857814,-3239969.419843087
HH86,540930.8,6601146.6,21.42750933267347,-30.72183914772324,1051.77,5109337.218104382,2005157.789798046,-3239958.303864852
HH38,540908.9,6601108.67,21.42728210874555,-30.722182156894135,1052.25,5109327.4667393835,2005130.5795344918,-3239991.24516292
HH141,540923.5,6601184.54,21.427431578027413,-30.721497052452374,1051.39,5109357.674268633,2005157.8161199053,-3239925.5006582662
HH140,540908.9,6601184.54,21.42727908973314,-30.721497554450902,1051.39,5109362.984352375,2005144.2075633914,-3239925.5485096634
HH0,540901.6,6601070.74,21.42720737313499,-30.722524663914044,1052.63,5109312.325062598,2005116.9463436326,-3240024.087397803
HH81,540857.8,6601146.6,21.426746888479705,-30.721841656406507,1051.89,5109363.864352447,2005089.7846158117,-3239958.6043006815
HH57,540974.6,6601121.32,21.42796780670447,-30.72206575092028,1052.07,5109309.463849411,2005194.0787204523,-3239980.057249656
HH105,540952.7,6601159.25,21.42773756200779,-30.721724248726847,1051.78,5109335.297589896,2005180.5230105962,-3239947.356627015
HH119,540887.0,6601171.89,21.42705086037563,-30.721612452645317,1051.51,5109365.008818736,2005121.515145881,-3239936.5621085255
HH29,540974.6,6601096.03,21.427968814675218,-30.722293951702206,1052.28,5109297.563170801,2005189.5119222405,-3240001.9168909476
HH107,540981.9,6601159.25,21.42804253928774,-30.721723243466936,1051.71,5109324.62121889,2005207.7180662605,-3239947.2250432367
HH72,540967.3,6601133.96,21.427891058423622,-30.721951946982742,1051.99,5109318.086869854,2005189.5647844572,-3239969.168440679
HH137,540865.1,6601184.54,21.42682162482737,-30.721499059371816,1051.38,5109378.906441144,2005103.378689221,-3239925.686852758
HH4,540960.0,6601070.74,21.42781733276064,-30.722522655121914,1052.53,5109291.004596941,2005171.3491331646,-3240023.844830029
HH13,540923.5,6601083.38,21.427435604836738,-30.722409855675785,1052.35,5109310.167910076,2005139.5867317358,-3240013.000731484
HH90,540989.2,6601146.6,21.428119287959554,-30.721837137552562,1051.79,5109315.993453922,2005212.230180625,-3239958.1224698587
HH126,540989.2,6601171.89,21.42811827965269,-30.72160893675905,1051.55,5109327.869961948,2005216.787493693,-3239936.247403032
HH120,540901.6,6601171.89,21.42720334885527,-30.721611950913186,1051.52,5109359.706777407,2005135.1268592284,-3239936.51939125
HH53,540916.2,6601121.32,21.427357849967148,-30.72206776039262,1052.07,5109330.70439819,2005139.6445734892,-3239980.2487950576
HH75,541011.1,6601133.96,21.428348525403646,-30.72195043827325,1052.04,5109302.196229846,2005230.4060010237,-3239969.050172062
HH10,541047.6,6601070.74,21.428732272084105,-30.72251963656017,1052.61,5109259.207151711,2005253.025229035,-3240023.5979687534
HH70,540938.1,6601133.96,21.42758608041777,-30.721952951893496,1051.92,5109328.651154354,2005162.3257382975,-3239969.228469068
HH32,541018.4,6601096.03,21.42842628326533,-30.72229244270363,1052.28,5109281.632479225,2005230.3374216894,-3240001.773051656
HH28,540960.0,6601096.03,21.427816325137513,-30.722294454343498,1052.31,5109302.897354983,2005175.9128227143,-3240001.9801295544
HH135,540835.9,6601184.54,21.426516648204398,-30.721500061756895,1051.37,5109389.518366134,2005076.1583395605,-3239925.777293238
HH51,540887.0,6601121.32,21.42705287157551,-30.722068764054093,1052.03,5109341.2925030105,2005112.4148739765,-3239980.324030352
HH69,540923.5,6601133.96,21.427433591409095,-30.7219534540802,1051.89,5109333.937257708,2005148.7077696566,-3239969.2610120135
HH37,540894.3,6601108.67,21.4271296193701,-30.722182658727135,1052.26,5109332.784799014,2005116.974105711,-3239991.2981069675
HH139,540894.3,6601184.54,21.42712660143504,-30.721498056270313,1051.37,5109368.27840458,2005130.592715198,-3239925.5861266763
HH102,540908.9,6601159.25,21.42728009605913,-30.721725755273376,1051.63,5109351.10788545,2005139.650262867,-3239947.4236030574
HH23,540887.0,6601096.03,21.427053877391522,-30.722296964863208,1052.34,5109329.471848174,2005107.879477248,-3240002.234761187
HH125,540974.6,6601171.89,21.427965791196034,-30.72160943956586,1051.56,5109333.188168116,2005203.1821255458,-3239936.3004400935
HH71,540952.7,6601133.96,21.427738569422612,-30.72195244952767,1052.03,5109323.4290431915,2005175.9688208662,-3239969.2367788353
HH144,540967.3,6601184.54,21.427889042887248,-30.7214955453821,1051.42,5109341.767864581,2005198.651147058,-3239925.3723275973
HH116,540843.2,6601171.89,21.426593394913763,-30.72161395676703,1051.69,5109381.082834158,2005080.7458905885,-3239936.797440034
HH98,540850.5,6601159.25,21.426670141407325,-30.721727761494478,1051.81,5109372.491997755,2005085.2724550841,-3239947.70679561
HH20,541025.7,6601083.38,21.42850303284468,-30.722406336543937,1052.43,5109273.060594894,2005234.8714692874,-3240012.706154949
HH50,540872.4,6601121.32,21.426900382373955,-30.72206926561616,1052.02,5109346.594517769,2005098.8031487444,-3239980.3667311287
HH3,540945.4,6601070.74,21.42766484285997,-30.722523157588622,1052.54,5109296.322749813,2005157.743741187,-3240023.8978343694
HH19,541011.1,6601083.38,21.428350543140766,-30.722406839814404,1052.41,5109278.354860871,2005221.256703899,-3240012.7439095685
HH33,541033.0,6601096.03,21.42857877278769,-30.722291939345862,1052.31,5109276.346202233,2005243.9553221143,-3240001.740397399
HH2,540930.8,6601070.74,21.427512352955475,-30.722523659876206,1052.61,5109301.688890005,2005144.1571815407,-3240023.981474489
HH44,540996.5,6601108.67,21.428197044917823,-30.72217914213467,1052.18,5109295.5498196175,2005212.2087410213,-3239990.922031325
HH42,540967.3,6601108.67,21.42789206620906,-30.722180147770967,1052.17,5109306.162225011,2005184.9885799128,-3239991.0127809606
HH52,540901.6,6601121.32,21.42720536077324,-30.722068262312913,1052.1,5109336.038475865,2005126.0454314568,-3239980.311964945
HH7,541003.8,6601070.74,21.42827480243964,-30.722521146647072,1052.51,5109275.057980706,2005212.1683852738,-3240023.690823373
HH103,540923.5,6601159.25,21.42743258471251,-30.72172525327031,1051.63,5109345.797801689,2005153.2588199612,-3239947.3757513384
HH73,540981.9,6601133.96,21.428043547420796,-30.72195144425869,1052.0,5109312.784681647,2005203.1764402024,-3239969.1256290646
HH30,540989.2,6601096.03,21.428121304209093,-30.722293448881796,1052.27,5109292.244964628,2005203.1172921502,-3240001.8638528157
HH121,540916.2,6601171.89,21.42735583733108,-30.72161144900195,1051.52,5109354.39670698,2005148.7354214021,-3239936.4715482285
HH31,541003.8,6601096.03,21.428273793739127,-30.722292945882277,1052.4,5109287.038764086,2005216.7666200777,-3240001.8823204534
HH26,540930.8,6601096.03,21.427511346050604,-30.722295459088745,1052.34,5109313.541636455,2005148.705169629,-3240002.091229224
HH88,540960.0,6601146.6,21.427814310324177,-30.721838142996116,1051.86,5109326.669851453,2005185.0351352978,-3239958.254071152
HH14,540938.1,6601083.38,21.427588094563657,-30.72240935348001,1052.49,5109304.969832255,2005153.2392472378,-3240013.02438481
HH85,540916.2,6601146.6,21.427356843842368,-30.721839649818126,1051.77,5109342.5282015065,2005144.1812459675,-3239958.351725271
HH21,541040.3,6601083.38,21.428655522544762,-30.72240583309434,1052.45,5109267.766302219,2005248.4862240646,-3240012.6683832537
HH138,540879.7,6601184.54,21.426974113133117,-30.721498557910635,1051.38,5109373.596437412,2005116.9872778032,-3239925.639052583
HH8,541018.4,6601070.74,21.42842729232496,-30.722520643463884,1052.64,5109269.851753121,2005225.817703266,-3240023.709274056
HH68,540908.9,6601133.96,21.427281102396595,-30.721953956087788,1051.87,5109339.231336731,2005135.0929309442,-3239969.298646608
HH17,540981.9,6601083.38,21.428045563721422,-30.722407845818,1052.4,5109288.96731965,2005194.0365630535,-3240012.8346939627
HH46,541025.7,6601108.67,21.42850202361124,-30.72217813578192,1052.25,5109284.985321339,2005239.4477033918,-3239990.8618659377
HH117,540857.8,6601171.89,21.426745883404877,-30.721613455572243,1051.59,5109375.692845803,2005094.3230915682,-3239936.6985785807
HH101,540894.3,6601159.25,21.427127607401914,-30.721726257097316,1051.62,5109356.40994013,2005126.038554592,-3239947.4663290135
HH58,540989.2,6601121.32,21.428120295879218,-30.722065248104403,1052.04,5109304.129638549,2005207.6778086147,-3239979.9939944004
HH124,540960.0,6601171.89,21.427813302735544,-30.72160994219355,1051.56,5109338.498345246,2005189.5736060757,-3239936.3483514097
HH89,540974.6,6601146.6,21.427966799143782,-30.7218376403639,1051.82,5109321.327664811,2005198.6310930855,-3239958.1857246887
HH55,540945.4,6601121.32,21.427662828343472,-30.72206675601468,1052.05,5109320.0681724185,2005166.8553872695,-3239980.142839023
HH99,540865.1,6601159.25,21.42682263007601,-30.72172726020787,1051.64,5109367.045979166,2005098.827667846,-3239947.572164463
HH60,541018.4,6601121.32,21.42842527421721,-30.722064241935314,1052.05,5109293.5171531895,2005234.897937043,-3239979.9031938515
HH16,540967.3,6601083.38,21.427893074006,-30.722408348551113,1052.41,5109294.285512501,2005180.4311874695,-3240012.8877237337
HH11,540894.3,6601083.38,21.42713062537141,-30.72241085952995,1052.48,5109320.89208172,2005112.4104293766,-3240013.162834076
HH41,540952.7,6601108.67,21.42773957684893,-30.722180650320432,1052.18,5109311.480391209,2005171.3831941762,-3239991.0657933024
HH36,540879.7,6601108.67,21.42697712999082,-30.722183160381032,1052.17,5109338.0228081355,2005103.337261711,-3239991.299946364
HH136,540850.5,6601184.54,21.426669136517795,-30.72149956065392,1051.51,5109384.320450178,2005089.8109154957,-3239925.801048382
HH65,540865.1,6601133.96,21.426823635336127,-30.721955461035872,1051.93,5109355.209442555,2005094.2860363447,-3239969.4727526307
HH83,540887.0,6601146.6,21.427051866168686,-30.72184065347054,1051.78,5109353.156318162,2005116.9672501907,-3239958.4525035894
HH5,540974.6,6601070.74,21.42796982265747,-30.722522152476085,1052.53,5109285.69441972,2005184.957654977,-3240023.7969174236
HH82,540872.4,6601146.6,21.426899377326105,-30.72184115502809,1051.81,5109358.490342545,2005103.3680873453,-3239958.515638906
HH143,540952.7,6601184.54,21.427736554604465,-30.721496047917974,1051.4,5109347.0620235475,2005185.0363414183,-3239925.410012906
HH6,540989.2,6601070.74,21.42812231255047,-30.722521649651135,1052.53,5109280.384215835,2005198.5661660926,-3240023.7489877446
HH91,541003.8,6601146.6,21.42827177677149,-30.721836634562113,1051.8,5109310.6912257895,2005225.8418198996,-3239958.0796327796
HH43,540981.9,6601108.67,21.428044555565357,-30.722179645042367,1052.16,5109300.84403216,2005198.5939549091,-3239990.959751543
HH45,541011.1,6601108.67,21.42834953426645,-30.722178639047858,1052.19,5109290.247578064,2005225.8203758812,-3239990.879185276
HH67,540894.3,6601133.96,21.427128613380265,-30.721954457916258,1051.9,5109344.565401036,2005121.493784003,-3239969.3618077454
HH1,540916.2,6601070.74,21.427359863047148,-30.722524161984687,1052.62,5109307.006989626,2005130.5517679562,-3240024.034444683
HH54,540930.8,6601121.32,21.427510339157227,-30.72206725829321,1052.08,5109325.402303362,2005153.256266802,-3239980.2060430585
HH100,540879.7,6601159.25,21.426975118740874,-30.721726758742147,1051.63,5109361.727972974,2005112.4331165885,-3239947.519255275
HH104,540938.1,6601159.25,21.427585073362067,-30.721724751088136,1051.65,5109340.50369604,2005166.8736474542,-3239947.338099924
HH15,540952.7,6601083.38,21.427740584286745,-30.722408851105126,1052.41,5109299.595676377,2005166.8226605982,-3240012.935627642
HH74,540996.5,6601133.96,21.42819603641414,-30.721950941355516,1051.93,5109307.418448053,2005216.7629602868,-3239969.041930592
HA338,540762.9,6601285.69,21.425750196151643,-30.72058985126743,1050.38,5109463.543987116,2005026.3327878527,-3239838.508258436
HA334,540689.9,6601159.25,21.42499276579981,-30.721733263825673,1051.58,5109430.715929109,2004935.504921991,-3239948.11378656
HA330,540762.9,6601032.81,21.42576022276438,-30.72287167943661,1053.08,5109345.028527968,2004980.8574392998,-3240057.3950369754
